#Basis; Hydrogen Energy / ev
0; -0.134972013097694E+02
1; -0.135616018083090E+02
2; -0.136053876111660E+02
3; -0.136056252461428E+02
